window_s,fast_recovery_5s_V,initial_slope_0_5_V_per_s,relaxation_area_Vs,label,delta_q_ah
5,0.016659455350783503,0.003291806020449901,0.04524051005112861,healthy,0.0
10,0.016659455350783947,0.003291806020449901,0.1580464369691343,healthy,0.0
30,0.016659455350783947,0.003291806020449901,1.0105566276059648,healthy,0.0
60,0.016659455350783947,0.003291806020449901,2.9741032014992532,healthy,0.0
120,0.016659455350783947,0.003291806020449901,8.073539336656872,healthy,0.0
