delta_q_ah,log_time_slope_5_30_V_per_log_s,Concentration overpotential [V]__drop_5_30s,protocol
0.0,0.019849446886275886,-0.01392129017743539,altered_1C_30min
0.025,0.01996954282900051,-0.014084449147633309,altered_1C_30min
0.05,0.020090330511668027,-0.014245096529140454,altered_1C_30min
0.075,0.020216099427677003,-0.014405832071335053,altered_1C_30min
0.1,0.020339813972546604,-0.014563798374944575,altered_1C_30min
0.125,0.020463719223568783,-0.014720764930108734,altered_1C_30min
0.15,0.0205903033074459,-0.014879090521839496,altered_1C_30min
0.175,0.02071953804650982,-0.015041150464405392,altered_1C_30min
0.2,0.020853230764501563,-0.015209620904787821,altered_1C_30min
